jvs001,0
jvs002,1
jvs011,2
jvs012,2
jvs013,2
jvs014,2
jvs015,2
jvs016,2
jvs017,2
jvs018,2
jvs019,2
jvs020,2
jvs021,2
jvs022,2
jvs023,2
jvs024,2
jvs025,2
jvs026,2
jvs027,2
jvs029,2
jvs030,2
jvs031,2
jvs032,2
jvs033,2
jvs034,2
jvs035,2
jvs036,2
jvs038,2
jvs039,2
jvs040,2
jvs041,2
jvs042,2
jvs043,2
jvs044,2
jvs045,2
jvs046,2
jvs047,2
jvs048,2
jvs049,2
jvs050,2
jvs051,2
jvs052,2
jvs053,2
jvs054,2
jvs055,2
jvs056,2
jvs057,2
jvs059,2
jvs060,2
jvs061,2
jvs062,2
jvs063,2
jvs064,2
jvs065,2
jvs066,2
jvs067,2
jvs068,2
jvs069,2
jvs070,2
jvs071,2
jvs072,2
jvs073,2
jvs074,2
jvs075,2
jvs076,2
jvs077,2
jvs078,2
jvs079,2
jvs080,2
jvs081,2
jvs082,2
jvs083,2
jvs084,2
jvs085,2
jvs086,2
jvs087,2
jvs088,2
jvs089,2
jvs090,2
jvs091,2
jvs092,2
jvs093,2
jvs094,2
jvs095,2
jvs096,2
jvs097,2
jvs098,2
jvs099,2
jvs100,2
